Frage,Antwort1,Punkte1,Antwort2,Punkte2,Antwort3,Punkte3,Antwort4,Punkte4,Antwort5,Punkte5,Antwort6,Punkte6
Was tut man als erstes wenn man morgens aufwacht?,Handy schauen,42,Aufstehen,28,Duschen,14,Kaffee machen,9,Strecken,5,Nochmal schlafen,2
Nennen Sie etwas das man am Strand findet!,Sand,45,Muscheln,22,Handtuch,15,Sonnencreme,10,Wasser,6,Strandkorb,2
Was nehmen Sie mit in den Urlaub?,Koffer,38,Reisepass,25,Kamera,16,Sonnencreme,12,Kleidung,7,Medikamente,2
Was braucht man um Spaghetti zu kochen?,Nudeln,40,Topf,28,Wasser,18,Sauce,9,Salz,4,Käse,1
Nennen Sie einen berühmten Deutschen!,Einstein,35,Beethoven,24,Angela Merkel,18,Goethe,12,Schumacher,8,Heidi Klum,3
Was macht man an einem Sonntag?,Ausschlafen,44,Spazieren gehen,23,Frühstücken,16,Familie treffen,10,Fernsehen,5,Sport,2
Was findet man in einem Kühlschrank?,Joghurt,38,Milch,30,Käse,16,Butter,10,Eier,4,Reste,2
Nennen Sie eine berühmte Sehenswürdigkeit in Deutschland!,Brandenburger Tor,36,Neuschwanstein,28,Kölner Dom,18,Oktoberfest,10,Elbphilharmonie,6,Zugspitze,2
Was macht man wenn man erkältet ist?,Schlafen,40,Tee trinken,27,Nasenspray,15,Arzt gehen,10,Hühnersuppe,6,Tabletten,2
Was kauft man auf dem Wochenmarkt?,Gemüse,42,Obst,30,Blumen,14,Brot,8,Käse,5,Fisch,1
