Frage,Antwort1,Punkte1,Antwort2,Punkte2,Antwort3,Punkte3,Antwort4,Punkte4,Antwort5,Punkte5
Nennen Sie eine Farbe!,Blau,38,Rot,30,Grün,18,Gelb,10,Schwarz,4
Was fängt mit A an?,Auto,40,Apfel,28,Arbeit,18,Affe,9,Ameise,5
Nennen Sie ein Tier!,Hund,42,Katze,32,Vogel,14,Fisch,8,Elefant,4
Was essen Kinder am liebsten?,Pizza,36,Eis,28,Hamburger,18,Schokolade,12,Pommes,6
Nennen Sie ein europäisches Land!,Frankreich,35,Italien,28,Spanien,20,Deutschland,12,Österreich,5
Was macht man im Garten?,Grillen,38,Rasenmähen,26,Pflanzen,18,Entspannen,12,Spielen,6
Nennen Sie eine Sportart!,Fußball,45,Tennis,24,Schwimmen,16,Basketball,10,Laufen,5
Was passt zu Silvester?,Feuerwerk,44,Sekt,28,Countdown,16,Gäste,8,Raketen,4
Nennen Sie etwas das man verschenkt!,Blumen,36,Schokolade,28,Gutschein,18,Buch,12,Schmuck,6
Was fährt auf der Straße?,Auto,46,Fahrrad,28,Bus,16,Motorrad,8,LKW,2
